Z [inches],OD1,OD2,OD3,OD4,OD5
0.0000,250.488,89.085,255.000,201.454,186.250
0.0025,99.375,90.073,131.916,91.000,159.035
0.0050,90.445,90.517,89.048,89.626,88.717
0.0075,90.971,90.918,89.500,90.612,89.557
0.0100,90.551,89.918,90.747,89.598,88.098
0.0125,90.989,89.045,90.254,91.000,87.620
0.0150,89.124,89.737,90.029,91.000,89.530
0.0175,90.914,91.459,91.534,91.000,90.522
0.0200,89.130,88.615,89.897,91.728,89.487
0.0225,88.502,89.000,89.788,89.205,87.508
0.0250,88.966,88.871,90.048,90.742,88.991
0.0275,89.000,87.407,90.917,90.497,88.513
0.0300,87.420,87.713,90.377,90.267,87.564
0.0325,89.158,89.789,90.762,90.525,89.526
0.0350,89.562,90.421,90.261,90.769,89.999
0.0375,90.531,91.933,91.333,90.224,91.809
0.0400,88.922,88.680,90.623,90.566,90.114
0.0425,89.203,88.973,90.471,89.948,88.133
0.0450,89.601,88.749,90.792,90.797,89.569
0.0475,87.417,89.705,91.612,92.803,91.739
0.0500,90.102,90.054,91.137,91.810,90.593
0.0525,89.728,90.588,90.964,90.817,89.404
0.0550,89.355,89.294,91.104,91.648,90.213
0.0575,89.020,89.429,92.286,92.154,90.847
0.0600,90.232,90.983,94.657,92.188,90.501
0.0625,90.956,89.781,94.860,93.222,91.630
0.0650,92.600,92.645,92.476,93.000,92.995
0.0675,93.390,91.791,92.032,93.142,93.000
0.0700,95.075,96.084,102.240,91.811,89.418
0.0725,104.634,106.957,120.589,106.257,104.605
0.0750,121.183,120.225,115.419,126.000,124.276
0.0775,109.152,105.588,96.745,114.198,108.123
0.0800,92.298,90.955,91.057,93.677,91.763
0.0825,88.821,90.254,90.276,91.697,89.416
0.0850,87.496,88.605,89.277,90.906,87.719
0.0875,88.150,89.177,89.163,89.000,88.556
0.0900,89.127,89.205,89.619,89.161,87.547
0.0925,89.011,89.682,91.031,90.926,88.993
0.0950,90.559,89.625,91.510,92.000,91.480
0.0975,88.168,88.739,91.320,91.760,90.271
0.1000,88.799,89.148,90.007,91.000,89.766
0.1025,89.929,91.065,90.395,91.000,88.689
0.1050,91.756,91.877,91.774,93.039,90.646
0.1075,92.821,91.789,92.884,94.000,90.213
0.1100,91.019,91.558,92.027,92.974,92.976
0.1125,90.634,88.403,90.442,92.962,93.227
0.1150,90.121,88.956,90.847,91.000,89.026
0.1175,89.138,87.472,91.990,91.000,89.645
0.1200,88.188,89.065,92.801,93.002,92.315
0.1225,88.995,89.239,90.641,96.000,91.688
0.1250,90.023,91.069,90.388,91.000,89.166
0.1275,91.879,91.897,91.138,91.912,89.281
0.1300,91.084,91.073,92.044,92.000,90.857
0.1325,91.001,91.944,90.926,92.036,90.999
0.1350,90.065,90.930,90.348,91.043,87.371
0.1375,88.125,89.919,90.104,89.901,90.657
0.1400,88.034,89.152,90.961,90.000,88.117
0.1425,89.879,91.019,91.368,93.000,90.890
0.1450,90.938,91.000,91.551,92.070,90.007
0.1475,91.000,90.928,89.609,90.923,90.921
0.1500,90.007,90.009,89.749,90.000,87.218
0.1525,90.671,90.804,91.457,90.181,87.162
0.1550,92.780,91.939,91.720,93.097,90.969
0.1575,91.289,91.936,90.609,93.792,90.964
0.1600,90.918,91.134,90.463,91.889,89.044
0.1625,90.784,91.686,89.589,91.000,89.039
0.1650,89.933,90.014,90.441,90.000,88.030
0.1675,89.992,91.379,90.604,91.737,88.991
0.1700,89.196,88.651,89.266,88.830,88.035
0.1725,86.484,85.688,90.324,89.000,88.016
0.1750,88.201,88.195,91.695,91.000,89.982
0.1775,88.959,89.010,90.988,91.000,91.917
0.1800,88.407,89.042,89.149,90.166,89.028
0.1825,87.478,87.658,89.547,90.172,89.891
0.1850,88.899,89.879,89.277,90.821,88.951
0.1875,89.736,88.248,89.681,90.814,90.846
0.1900,89.260,89.072,91.718,91.000,89.018
0.1925,89.236,87.635,91.798,91.000,90.074
0.1950,89.722,90.973,90.135,90.826,89.288
0.1975,89.479,90.579,90.203,91.000,88.215
0.2000,89.212,90.823,89.851,89.220,88.221
0.2025,91.721,91.608,89.833,90.227,85.507
0.2050,92.119,92.691,88.894,91.532,89.572
0.2075,91.727,91.794,89.493,91.037,91.298
0.2100,91.113,92.428,90.313,90.752,90.572
0.2125,92.919,91.780,91.751,91.491,91.527
0.2150,92.384,92.617,91.425,92.739,91.673
0.2175,92.338,93.331,91.299,92.464,90.838
0.2200,91.694,92.044,91.138,92.450,92.441
0.2225,91.302,92.587,90.899,91.718,89.655
0.2250,91.259,90.898,90.664,90.711,90.593
0.2275,89.497,89.390,90.307,90.000,89.223
0.2300,89.962,90.021,90.738,91.000,89.215
0.2325,89.816,90.343,91.947,91.309,90.978
0.2350,90.375,90.417,91.984,93.000,91.229
0.2375,89.485,91.423,90.272,92.354,90.491
0.2400,90.902,91.126,89.845,91.341,92.229
0.2425,92.044,91.333,90.504,92.991,90.761
0.2450,90.643,90.672,91.586,91.000,89.286
0.2475,91.039,91.567,91.085,92.000,88.832
0.2500,90.559,90.951,90.450,92.000,89.985
0.2525,88.244,90.244,90.785,91.000,87.907
0.2550,89.877,91.408,90.788,91.629,91.256
0.2575,92.803,91.108,91.335,92.377,90.324
0.2600,90.186,90.660,90.783,90.384,89.333
0.2625,88.076,90.339,90.118,89.782,89.668
0.2650,87.995,88.481,89.579,90.000,89.009
0.2675,87.487,87.621,89.380,90.810,87.368
0.2700,88.380,89.017,89.595,89.823,86.428
0.2725,87.774,88.569,90.440,90.000,89.321
0.2750,87.688,89.074,91.694,90.851,89.736
0.2775,90.790,90.000,91.388,90.000,89.385
0.2800,89.686,90.028,91.000,92.878,89.991
0.2825,91.688,90.480,91.179,92.000,91.376
0.2850,91.054,90.615,92.410,93.453,91.006
0.2875,90.757,91.887,91.341,91.919,90.423
0.2900,89.182,90.082,91.652,89.534,88.453
0.2925,90.924,91.466,91.265,92.054,92.080
0.2950,90.382,91.777,91.918,91.520,90.584
0.2975,90.958,90.303,91.727,90.974,88.381
0.3000,90.361,90.806,91.259,91.987,88.907
0.3025,89.730,90.450,91.587,91.001,90.508
0.3050,90.260,91.135,91.787,91.507,90.476
0.3075,92.162,90.318,91.545,92.514,89.500
0.3100,91.599,92.925,92.834,92.000,90.491
0.3125,89.658,91.576,92.562,92.000,92.963
0.3150,92.061,90.654,92.365,94.139,90.069
0.3175,92.262,90.986,92.190,89.834,90.984
0.3200,90.806,91.630,91.351,92.000,91.000
0.3225,89.527,90.595,89.704,91.445,90.017
0.3250,88.492,89.414,90.295,89.438,88.569
0.3275,90.092,91.106,91.647,89.431,89.097
0.3300,91.132,92.801,91.904,91.424,91.398
0.3325,92.121,89.339,91.396,92.835,91.146
0.3350,91.236,91.933,91.692,92.000,91.416
0.3375,90.857,90.705,91.523,92.192,89.793
0.3400,90.196,90.411,91.651,92.206,90.582
0.3425,91.484,89.600,93.018,90.220,90.399
0.3450,91.038,91.038,95.023,93.467,90.833
0.3475,91.710,91.743,92.923,95.494,94.794
0.3500,91.882,91.593,89.764,91.370,90.814
0.3525,94.617,92.684,89.083,87.539,88.836
0.3550,91.239,90.842,88.900,89.712,89.340
0.3575,88.337,87.954,90.679,89.651,89.988
0.3600,89.142,90.215,91.832,91.000,89.019
0.3625,90.171,90.571,91.912,92.329,90.962
0.3650,90.104,90.566,91.529,91.329,89.349
0.3675,91.880,90.942,91.663,91.678,91.948
0.3700,90.099,89.804,91.248,89.315,90.726
0.3725,89.949,89.244,91.540,91.076,90.424
0.3750,89.999,90.834,92.546,92.397,90.712
0.3775,90.941,87.713,92.955,91.706,90.995
0.3800,91.013,91.084,93.610,92.575,91.721
0.3825,91.961,92.721,93.391,93.719,91.015
0.3850,92.940,92.023,93.016,93.548,93.687
0.3875,95.604,94.566,91.745,93.000,92.035
0.3900,91.193,91.784,91.000,93.479,92.000
0.3925,90.870,89.424,92.236,92.000,91.566
0.3950,91.999,93.047,93.587,94.000,93.179
0.3975,93.800,94.000,93.292,93.199,92.225
0.4000,94.661,93.956,92.288,93.233,92.387
0.4025,93.743,93.042,92.522,95.774,92.008
0.4050,91.993,93.006,93.543,93.781,91.826
0.4075,93.748,93.898,93.981,92.425,90.371
0.4100,92.375,92.937,94.692,94.589,92.785
0.4125,93.095,92.055,95.009,96.006,94.507
0.4150,94.736,92.953,93.336,95.424,93.034
0.4175,92.335,92.007,92.813,92.630,90.649
0.4200,92.179,91.869,93.084,93.000,92.701
0.4225,91.252,89.231,92.923,92.829,91.673
0.4250,91.950,92.108,93.104,94.342,91.887
0.4275,91.260,92.959,93.734,93.842,91.998
0.4300,92.889,92.995,93.453,94.000,94.754
0.4325,93.000,92.715,91.960,93.856,93.042
0.4350,90.640,89.266,91.857,91.000,89.236
0.4375,91.906,92.194,93.245,94.000,91.870
0.4400,92.938,94.736,92.808,94.876,92.920
0.4425,95.046,94.591,91.532,91.467,92.022
0.4450,91.401,91.795,92.886,91.110,91.062
0.4475,91.282,89.717,94.094,96.588,92.805
0.4500,92.526,92.922,93.553,93.808,91.023
0.4525,92.039,91.102,93.775,93.821,91.000
0.4550,91.671,90.348,93.489,92.835,91.972
0.4575,92.917,88.660,92.150,91.924,89.080
0.4600,88.960,90.007,91.939,90.069,89.013
0.4625,90.253,90.182,91.960,91.938,88.109
0.4650,90.709,90.566,93.006,92.000,90.989
0.4675,92.507,91.463,92.465,94.903,92.129
0.4700,92.038,93.529,90.627,93.000,90.983
0.4725,92.014,91.583,88.930,92.035,88.939
0.4750,89.915,91.619,90.819,91.056,88.085
0.4775,94.980,97.727,93.595,94.000,92.733
0.4800,93.544,93.760,93.516,94.000,92.835
0.4825,92.616,93.529,93.305,94.000,92.021
0.4850,93.489,93.789,92.604,94.000,92.877
0.4875,93.110,94.595,91.115,93.994,91.154
0.4900,91.626,91.715,92.000,92.987,90.143
0.4925,93.433,91.304,93.161,94.000,92.074
0.4950,91.618,91.973,92.848,92.054,92.134
0.4975,91.031,91.294,93.497,93.000,91.308
0.5000,91.479,91.281,93.645,94.121,91.156
0.5025,91.521,90.773,93.121,91.237,92.290
0.5050,92.410,93.063,91.998,92.108,93.147
0.5075,96.480,94.667,92.531,92.061,91.858
0.5100,93.650,94.250,92.160,93.000,91.022
0.5125,91.270,92.340,92.100,92.851,89.433
0.5150,92.747,93.273,92.465,91.081,91.155
0.5175,91.115,92.857,92.532,91.088,90.386
0.5200,91.938,91.718,93.455,93.000,91.955
0.5225,92.762,94.168,94.204,91.408,92.447
0.5250,93.205,92.399,94.769,94.109,92.986
0.5275,93.367,92.635,94.873,95.000,91.536
0.5300,93.618,93.364,95.900,95.000,93.456
0.5325,93.978,92.232,96.313,96.000,93.987
0.5350,96.197,96.019,96.581,96.000,95.413
0.5375,96.021,96.476,95.484,97.428,95.286
0.5400,94.125,93.900,94.146,95.000,94.601
0.5425,90.308,91.103,93.768,92.470,93.336
0.5450,93.472,94.119,93.828,94.164,93.009
0.5475,93.318,95.463,94.000,94.000,94.684
0.5500,93.955,93.520,93.089,94.000,92.394
0.5525,92.808,92.493,93.001,91.552,91.037
0.5550,92.291,91.580,93.758,92.382,91.970
0.5575,92.483,94.016,94.000,91.593,92.341
0.5600,94.358,94.421,93.172,95.000,92.981
0.5625,92.660,92.627,93.638,95.577,91.672
0.5650,94.230,94.031,94.981,94.000,92.959
0.5675,93.631,94.997,94.904,95.225,94.498
0.5700,94.348,94.874,93.691,95.000,94.017
0.5725,94.377,94.392,95.865,95.000,93.609
0.5750,97.772,97.056,98.880,98.754,97.068
0.5775,99.718,98.825,97.827,100.252,100.068
0.5800,97.325,98.375,95.369,98.482,96.680
0.5825,94.472,97.167,95.920,96.202,95.897
0.5850,94.955,96.011,96.731,96.273,95.564
0.5875,95.938,96.401,96.498,96.000,95.986
0.5900,96.217,96.960,97.336,97.427,94.581
0.5925,95.815,95.653,97.470,97.707,94.932
0.5950,95.988,96.290,97.071,97.600,97.403
0.5975,96.858,96.356,97.294,98.693,96.047
0.6000,96.995,96.680,97.398,97.000,96.485
0.6025,98.875,97.406,98.578,100.679,95.033
0.6050,99.887,99.689,100.052,100.672,99.340
0.6075,100.894,100.027,101.624,100.000,99.983
0.6100,101.905,101.054,104.318,102.341,100.452
0.6125,102.894,103.016,105.301,105.304,102.394
0.6150,103.936,103.678,106.438,106.645,104.483
0.6175,107.742,107.751,109.032,108.362,106.494
0.6200,108.947,108.746,110.975,109.737,109.052
0.6225,109.939,109.306,112.160,113.625,109.972
0.6250,110.965,112.300,113.593,111.529,110.967
0.6275,111.077,114.302,115.274,114.611,113.509
0.6300,115.694,116.730,116.551,116.396,115.537
0.6325,117.648,118.266,118.650,118.805,116.203
0.6350,118.986,120.055,121.099,120.410,118.908
0.6375,121.741,122.227,122.743,124.334,121.292
0.6400,122.166,123.265,123.896,124.154,123.029
0.6425,123.792,125.000,123.982,126.710,124.310
0.6450,124.825,125.013,124.580,124.563,123.345
0.6475,124.762,125.522,127.697,127.556,126.550
0.6500,127.796,126.419,130.222,129.451,127.955
0.6525,129.875,130.724,131.771,132.543,129.931
0.6550,132.019,131.771,133.983,133.464,131.931
0.6575,134.039,134.045,135.796,135.000,133.931
0.6600,135.112,136.042,137.269,137.478,135.248
0.6625,135.358,137.953,140.546,138.970,136.250
0.6650,140.649,140.939,144.569,142.492,140.835
0.6675,143.812,142.908,145.388,143.997,143.379
0.6700,143.265,143.132,145.805,144.516,143.732
0.6725,145.827,145.197,147.415,147.024,145.198
0.6750,146.938,147.130,149.610,149.000,146.207
0.6775,149.107,150.040,152.338,150.052,147.713
0.6800,151.132,151.991,154.176,153.533,150.885
0.6825,152.707,154.019,155.830,154.461,152.721
0.6850,155.125,155.026,157.425,156.093,154.921
0.6875,156.226,157.949,159.066,159.106,157.510
0.6900,158.174,159.005,160.714,159.560,158.768
0.6925,158.889,160.039,161.700,160.567,159.783
0.6950,161.810,161.997,162.640,162.574,161.590
0.6975,162.309,162.031,163.094,164.420,163.758
0.7000,161.702,162.963,163.631,163.000,162.068
0.7025,160.761,161.056,164.616,162.812,162.000
0.7050,164.134,164.058,166.055,165.601,162.963
0.7075,165.416,165.130,167.526,168.000,164.926
0.7100,166.908,167.017,168.963,168.385,166.925
0.7125,168.140,167.986,169.653,169.000,165.502
0.7150,169.510,170.836,169.827,171.372,168.865
0.7175,169.587,169.984,169.703,170.635,168.128
0.7200,169.433,169.109,171.525,170.926,169.764
0.7225,169.309,170.118,173.734,172.298,169.921
0.7250,171.312,171.127,172.056,172.656,170.959
0.7275,171.028,172.130,171.737,173.000,171.905
0.7300,172.004,172.747,174.039,173.331,171.036
0.7325,172.941,173.000,174.943,174.676,172.923
0.7350,173.000,172.965,173.504,174.683,173.000
0.7375,172.055,170.793,173.078,173.310,171.078
0.7400,170.114,171.856,173.956,174.393,171.961
0.7425,172.810,173.171,173.528,174.000,172.948
0.7450,172.557,173.003,172.603,173.710,172.996
0.7475,173.405,173.186,171.665,173.717,175.831
0.7500,172.515,172.800,172.121,173.276,170.270
0.7525,171.613,172.816,173.512,172.808,170.989
0.7550,172.911,174.507,172.519,175.000,172.922
0.7575,171.273,170.494,173.087,173.744,173.000
0.7600,173.991,173.522,177.490,175.503,173.960
0.7625,176.074,177.252,179.443,179.242,176.100
0.7650,177.889,177.771,178.531,179.765,176.968
0.7675,180.456,179.794,181.084,180.000,179.802
0.7700,183.198,184.351,187.053,185.221,182.000
0.7725,188.984,190.802,193.552,189.429,187.667
0.7750,195.627,197.650,200.537,197.623,194.609
0.7775,206.617,206.062,207.029,205.402,206.175
0.7800,211.386,211.214,199.489,213.194,208.548
0.7825,189.642,195.852,170.172,191.123,186.205
0.7850,156.699,160.769,168.644,154.984,153.618
0.7875,180.732,186.906,197.308,185.215,179.629
0.7900,206.807,209.361,192.622,211.167,200.408
0.7925,180.577,178.154,165.733,179.320,176.562
0.7950,157.231,159.193,174.954,159.541,158.876
0.7975,192.089,195.437,205.334,196.146,192.879
0.8000,210.906,213.586,212.888,216.000,212.037
0.8025,209.905,209.952,208.440,210.000,208.775
0.8050,204.878,204.701,202.043,206.874,204.749
0.8075,195.197,194.327,192.176,195.762,196.034
0.8100,185.409,185.369,184.532,186.888,185.890
0.8125,181.238,179.971,179.341,181.210,180.008
0.8150,176.312,176.534,175.469,178.098,175.927
0.8175,171.636,172.550,173.126,173.183,172.161
0.8200,171.172,171.560,172.493,173.085,172.000
0.8225,172.089,173.004,172.938,173.844,172.698
0.8250,172.274,173.523,173.237,174.000,171.764
0.8275,172.139,172.529,173.169,172.192,170.755
0.8300,172.945,173.509,173.484,174.057,172.332
0.8325,174.772,172.993,173.661,174.050,172.389
0.8350,172.932,171.972,173.079,174.000,172.016
0.8375,171.030,167.529,172.107,171.000,170.427
0.8400,170.058,170.046,171.249,171.940,170.654
0.8425,169.871,170.058,170.780,171.977,169.399
0.8450,169.001,169.000,170.006,170.967,168.393
0.8475,168.952,168.998,169.903,170.019,168.358
0.8500,168.095,168.565,169.814,170.000,168.016
0.8525,168.965,169.717,168.351,169.992,166.687
0.8550,167.158,167.419,166.520,168.978,166.616
0.8575,166.995,166.406,165.521,167.964,164.118
0.8600,164.183,164.597,165.747,165.951,164.189
0.8625,164.923,165.000,167.026,166.000,164.008
0.8650,164.975,164.992,166.438,166.962,164.555
0.8675,164.060,162.616,164.536,165.000,163.072
0.8700,161.230,160.887,161.971,162.104,161.091
0.8725,158.243,159.275,159.051,160.941,158.562
0.8750,157.129,157.646,157.175,159.000,157.067
0.8775,155.996,156.655,156.487,157.000,155.606
0.8800,155.057,155.329,154.753,156.921,154.576
0.8825,154.062,153.321,152.764,154.086,153.567
0.8850,151.389,151.684,152.459,153.186,152.070
0.8875,152.063,151.382,150.659,152.400,151.527
0.8900,147.441,147.994,147.751,149.893,147.692
0.8925,146.071,143.156,145.390,146.114,144.654
0.8950,144.783,145.278,145.013,145.000,143.527
0.8975,144.532,142.999,144.264,144.000,143.022
0.9000,141.997,141.999,142.384,143.134,141.609
0.9025,137.977,140.000,140.430,141.141,139.551
0.9050,139.324,137.000,138.383,139.000,137.647
0.9075,135.463,136.000,136.440,137.155,136.613
0.9100,135.013,134.775,133.894,136.000,134.123
0.9125,134.062,132.002,132.775,133.832,132.493
0.9150,132.628,132.584,131.617,133.000,131.068
0.9175,130.868,131.604,129.540,131.000,130.618
0.9200,129.346,130.433,128.081,130.000,128.496
0.9225,126.451,127.643,126.367,127.196,126.116
0.9250,124.398,123.352,124.417,125.798,123.742
0.9275,122.814,122.165,121.989,123.209,121.823
0.9300,120.445,120.312,119.979,122.216,119.406
0.9325,117.492,116.590,118.545,119.777,118.354
0.9350,117.662,118.267,118.267,119.000,117.387
0.9375,116.737,121.608,118.054,119.000,117.330
0.9400,116.671,116.019,116.712,118.000,117.661
0.9425,116.043,113.337,115.473,117.000,115.489
0.9450,114.125,114.197,115.000,116.486,114.069
0.9475,115.187,114.906,115.250,115.000,114.669
0.9500,113.847,113.922,114.358,115.000,113.763
0.9525,113.623,114.000,112.504,113.722,113.036
0.9550,110.598,110.083,111.760,111.716,111.100
0.9575,110.408,111.935,111.523,113.000,110.298
0.9600,111.269,113.851,110.442,112.404,109.542
0.9625,108.339,110.021,108.357,109.085,107.588
0.9650,106.658,107.073,107.056,107.688,106.520
0.9675,105.613,106.006,105.387,107.000,105.808
0.9700,103.665,103.039,102.228,104.000,103.885
0.9725,100.662,101.018,102.007,102.332,99.047
0.9750,102.843,102.994,104.758,105.000,102.595
0.9775,102.983,104.026,103.957,106.038,104.524
0.9800,102.063,101.047,101.906,103.353,101.187
0.9825,101.062,100.008,100.639,101.079,101.618
0.9850,99.615,98.058,99.561,100.000,99.773
0.9875,98.595,98.000,98.322,98.627,97.288
0.9900,96.078,98.870,97.445,97.240,96.340
0.9925,97.350,100.773,97.929,99.000,96.147
0.9950,97.556,97.945,97.261,98.606,97.078
0.9975,96.376,96.104,95.574,98.000,96.891
1.0000,95.084,94.115,95.945,95.407,94.366
1.0025,95.938,95.983,96.667,94.757,94.110
1.0050,96.000,97.753,97.352,97.000,96.172
1.0075,96.577,93.907,96.419,97.144,95.931
1.0100,94.400,94.131,94.423,96.435,94.102
1.0125,94.017,94.142,94.523,95.442,94.066
1.0150,94.331,95.682,96.124,95.103,94.061
1.0175,96.218,93.503,96.929,97.000,96.194
1.0200,96.021,97.617,95.415,96.538,95.068
1.0225,94.125,94.853,94.520,93.469,94.054
1.0250,93.355,93.824,95.056,95.000,94.000
1.0275,94.804,93.397,95.426,94.965,94.929
1.0300,94.055,93.993,93.954,95.489,94.982
1.0325,91.862,92.801,92.719,94.007,92.162
1.0350,92.414,93.325,93.320,93.000,91.063
1.0375,92.030,93.004,94.528,94.510,92.892
1.0400,93.875,93.238,93.186,94.517,92.079
1.0425,91.676,92.263,91.199,91.953,89.263
1.0450,90.526,91.492,91.739,91.470,89.952
1.0475,93.572,93.244,93.173,94.851,91.939
1.0500,92.854,93.004,94.080,94.000,93.005
1.0525,92.988,93.986,95.630,94.102,92.189
1.0550,95.637,94.986,94.704,96.442,94.696
1.0575,91.634,93.416,92.743,94.435,93.102
1.0600,91.646,92.020,92.940,93.000,91.111
1.0625,92.918,92.000,94.151,94.578,91.098
1.0650,92.863,93.311,92.548,94.000,92.056
1.0675,91.117,91.370,92.272,92.592,92.349
1.0700,91.938,92.975,94.877,94.599,92.144
1.0725,93.767,92.719,94.314,97.028,94.025
1.0750,93.056,92.996,93.319,93.387,92.260
1.0775,93.938,93.615,93.579,93.381,92.952
1.0800,93.141,92.404,93.144,93.374,93.000
1.0825,92.136,93.796,92.938,92.468,92.220
1.0850,93.879,93.013,93.593,94.000,93.467
1.0875,92.224,93.753,92.594,94.000,92.090
1.0900,91.966,90.321,92.076,92.000,90.302
1.0925,91.120,93.375,92.917,91.019,90.208
1.0950,94.712,93.560,93.929,93.667,94.725
1.0975,92.186,93.010,92.758,92.674,92.809
1.1000,91.063,92.018,91.629,92.319,91.820
1.1025,91.946,92.525,92.650,92.625,91.044
1.1050,92.038,93.042,93.089,93.611,91.942
1.1075,92.970,90.598,93.057,92.299,92.245
1.1100,93.041,92.953,93.427,94.708,92.774
1.1125,93.146,95.451,93.575,92.855,92.570
1.1150,91.079,94.010,93.472,93.278,92.975
1.1175,93.674,93.962,93.649,95.000,92.833
1.1200,92.975,93.019,93.419,93.264,92.046
1.1225,92.908,93.526,93.542,94.258,92.233
1.1250,92.897,91.587,92.962,93.251,92.017
1.1275,93.718,92.427,93.303,92.756,91.690
1.1300,92.225,93.113,93.130,94.763,91.980
1.1325,90.510,91.188,91.168,92.000,91.348
1.1350,90.162,90.185,89.972,89.777,90.411
1.1375,88.570,89.426,90.351,88.433,88.912
1.1400,89.123,89.987,90.932,91.580,89.692
1.1425,90.886,90.978,91.662,89.203,89.269
1.1450,92.112,92.208,93.307,94.412,93.872
1.1475,92.380,91.641,94.300,92.811,92.507
1.1500,92.770,93.590,95.316,93.818,92.582
1.1525,92.986,93.015,94.402,95.473,93.524
1.1550,91.338,92.362,90.548,92.338,91.555
1.1575,91.238,93.656,89.629,92.648,90.494
1.1600,91.015,93.001,93.156,93.155,91.905
1.1625,94.719,93.351,95.382,95.000,94.394
1.1650,94.743,96.306,94.467,95.859,94.617
1.1675,92.846,92.401,92.008,94.462,91.780
1.1700,92.044,92.578,92.366,92.383,91.482
1.1725,91.719,93.266,92.589,93.121,91.485
1.1750,91.043,93.275,92.391,92.342,90.556
1.1775,91.337,92.291,93.038,94.107,91.436
1.1800,93.523,91.282,92.324,92.900,93.365
1.1825,91.806,90.765,90.401,92.813,91.679
1.1850,89.828,88.072,90.567,89.087,89.215
1.1875,90.920,92.645,93.693,93.000,90.376
1.1900,93.573,93.753,95.044,94.927,92.754
1.1925,95.282,93.375,94.196,94.934,96.427
1.1950,91.643,92.813,92.492,93.881,92.295
1.1975,91.009,92.806,93.058,93.947,90.126
1.2000,92.871,95.013,94.772,94.909,92.811
1.2025,93.398,92.374,93.225,91.961,95.208
1.2050,90.499,89.740,91.346,91.000,89.965
1.2075,89.187,90.299,91.948,90.025,87.502
1.2100,91.216,93.896,93.136,94.000,91.269
1.2125,93.765,93.028,94.320,95.000,92.320
1.2150,93.551,94.226,94.380,94.995,94.488
1.2175,93.032,92.917,93.463,93.998,94.641
1.2200,92.994,92.667,93.714,94.009,93.106
1.2225,92.090,91.919,93.008,92.095,93.594
1.2250,90.680,88.393,91.396,90.068,90.239
1.2275,91.915,93.829,92.818,93.000,90.937
1.2300,92.794,93.255,92.777,94.891,91.834
1.2325,90.325,94.879,93.474,90.043,91.628
1.2350,91.770,93.002,93.813,92.950,91.974
1.2375,92.929,94.839,93.946,95.886,92.935
1.2400,93.938,93.948,93.841,95.000,93.262
1.2425,92.678,93.061,92.565,93.000,93.018
1.2450,92.600,91.064,90.787,91.077,91.820
1.2475,92.038,91.954,90.413,92.000,91.746
1.2500,90.480,91.043,91.855,91.000,89.640
1.2525,91.553,91.968,91.918,93.902,90.900
1.2550,89.235,91.020,91.762,90.895,89.772
1.2575,89.614,90.917,91.489,91.777,90.183
1.2600,90.916,91.055,91.264,92.000,90.948
1.2625,90.676,89.998,91.301,91.000,90.066
1.2650,88.415,90.919,91.007,91.604,88.495
1.2675,88.588,91.854,91.905,91.861,89.476
1.2700,89.807,91.932,92.420,91.854,90.133
1.2725,94.009,93.784,93.618,94.543,92.967
1.2750,91.721,93.994,92.972,94.681,93.011
1.2775,91.971,93.820,92.701,93.834,92.207
1.2800,91.540,93.894,93.653,93.481,91.605
1.2825,91.237,93.675,93.037,92.640,91.160
1.2850,91.230,92.791,92.604,92.813,91.240
1.2875,90.705,93.582,91.649,94.420,91.732
1.2900,87.627,90.826,89.685,88.800,87.424
1.2925,91.523,89.344,91.798,91.207,88.030
1.2950,94.080,91.089,93.001,91.428,92.415
1.2975,94.443,92.129,92.791,92.221,92.908
1.3000,93.870,92.970,92.967,93.228,92.928
1.3025,90.542,91.861,91.206,91.469,92.064
1.3050,89.878,90.251,89.816,91.000,90.966
1.3075,90.665,90.201,89.044,90.248,89.002
1.3100,90.984,90.210,90.803,91.000,89.923
1.3125,91.825,91.933,93.236,95.953,92.766
1.3150,91.993,92.219,93.991,93.269,92.068
1.3175,93.030,93.881,94.799,95.102,99.360
1.3200,93.943,93.274,93.604,93.565,96.265
1.3225,92.125,92.048,92.161,91.157,91.356
1.3250,89.188,90.584,90.699,89.184,91.002
1.3275,87.340,89.322,90.524,93.789,90.113
1.3300,90.806,91.352,90.989,91.000,90.004
1.3325,91.106,91.698,91.377,92.367,90.038
1.3350,90.092,91.315,91.073,92.000,90.933
1.3375,91.861,90.348,91.998,92.000,90.070
1.3400,92.000,91.628,92.919,92.337,91.797
1.3425,92.000,91.320,91.464,91.344,92.784
1.3450,91.986,91.014,91.968,92.000,91.981
1.3475,91.975,91.629,92.676,92.000,92.837
1.3500,91.060,92.324,91.677,92.364,91.970
1.3525,89.212,92.015,91.000,91.258,89.308
1.3550,90.829,91.397,91.641,91.378,89.937
1.3575,92.745,91.380,92.844,92.770,91.739
1.3600,91.115,91.602,91.548,92.000,91.188
1.3625,91.773,90.068,89.825,90.203,90.753
1.3650,90.205,90.390,90.811,90.405,89.269
1.3675,89.171,90.018,91.192,90.588,87.606
1.3700,89.230,90.550,90.952,92.162,89.979
1.3725,91.012,91.523,92.000,92.000,92.464
1.3750,93.276,91.981,92.000,92.865,91.466
1.3775,92.512,91.044,91.860,92.319,92.686
1.3800,92.030,92.397,92.189,92.554,91.323
1.3825,91.840,92.021,93.076,93.000,92.473
1.3850,91.989,91.542,92.266,93.000,92.040
1.3875,92.938,92.444,92.890,93.467,92.000
1.3900,92.062,92.971,92.818,94.526,92.704
1.3925,92.540,91.080,92.281,92.519,92.055
1.3950,92.035,91.953,92.124,92.487,91.523
1.3975,91.281,92.455,92.702,93.000,91.961
1.4000,92.181,91.389,93.457,93.499,92.254
1.4025,93.191,92.564,93.078,93.539,93.333
1.4050,93.759,92.127,92.220,93.029,92.649
1.4075,92.371,92.006,93.000,93.000,93.249
1.4100,92.955,91.589,92.890,92.528,91.171
1.4125,90.741,89.926,92.449,91.930,91.000
1.4150,91.262,90.945,92.000,93.542,91.926
1.4175,91.957,92.520,92.302,92.549,92.615
1.4200,92.000,92.604,92.699,93.556,92.019
1.4225,92.622,93.197,92.000,94.000,92.594
1.4250,91.103,92.060,92.609,92.569,92.048
1.4275,91.335,90.096,93.736,90.729,91.417
1.4300,93.243,92.855,92.908,93.583,92.304
1.4325,93.149,92.333,92.606,93.000,91.613
1.4350,91.499,90.113,91.989,91.597,91.410
1.4375,91.962,90.002,90.914,91.207,90.480
1.4400,90.508,90.001,90.588,90.390,90.414
1.4425,90.964,90.299,90.785,91.000,88.718
1.4450,91.666,90.965,91.627,92.000,89.891
1.4475,91.567,93.954,91.028,91.631,91.036
1.4500,91.972,93.460,92.617,92.000,92.027
1.4525,92.073,93.022,94.675,93.645,93.010
1.4550,91.562,92.744,93.414,93.651,92.082
1.4575,90.581,91.790,90.579,92.317,90.639
1.4600,87.695,90.329,90.233,91.335,89.594
1.4625,91.248,90.243,90.449,91.312,89.508
1.4650,89.132,90.012,90.363,90.000,88.577
1.4675,87.656,89.052,89.646,88.000,87.586
1.4700,90.225,92.177,91.567,91.308,89.776
1.4725,90.451,91.823,91.228,92.098,90.919
1.4750,91.903,91.042,91.861,92.706,91.000
1.4775,91.062,92.126,91.487,92.000,92.263
1.4800,89.523,90.286,89.899,90.280,89.673
1.4825,87.928,89.225,88.844,90.000,87.303
1.4850,89.863,88.701,89.029,90.467,90.034
1.4875,92.074,92.333,92.282,90.481,92.934
1.4900,92.952,92.703,94.360,93.988,92.853
1.4925,94.987,95.438,94.991,93.738,94.475
1.4950,93.471,93.023,93.024,94.000,92.011
1.4975,90.540,90.548,97.284,88.535,89.931
1.5000,106.600,107.572,117.576,109.098,105.989
1.5025,137.983,137.136,134.243,138.094,135.480
1.5050,123.462,119.926,113.166,120.364,123.183
1.5075,97.065,94.591,92.935,94.205,96.863
1.5100,89.118,88.424,89.040,89.396,89.768
1.5125,88.589,87.003,87.151,88.191,86.261
1.5150,88.972,88.781,90.665,87.185,88.462
1.5175,91.812,89.809,92.589,91.822,90.523
1.5200,91.305,91.672,90.865,90.804,91.260
1.5225,90.782,90.078,91.486,91.164,89.736
1.5250,95.002,92.845,94.055,94.472,93.378
1.5275,92.717,93.952,94.865,94.451,93.318
1.5300,90.364,92.115,89.143,92.144,90.931
1.5325,90.207,90.123,89.611,92.000,91.410
1.5350,90.765,90.033,89.990,91.870,90.803
1.5375,89.526,89.086,87.568,89.877,88.222
1.5400,89.636,86.343,89.230,89.884,88.699
1.5425,89.979,89.778,89.971,92.672,89.688
1.5450,89.208,89.109,89.745,90.897,89.063
1.5475,89.811,89.828,89.793,91.904,89.196
1.5500,89.992,90.865,92.260,91.089,89.205
1.5525,90.117,92.651,92.724,92.918,90.114
1.5550,89.283,90.937,91.729,92.000,88.523
1.5575,91.631,91.172,90.780,90.658,90.619
1.5600,90.876,90.174,90.545,89.877,90.674
1.5625,90.990,90.116,91.480,90.945,91.447
1.5650,91.801,90.125,90.067,90.000,89.987
1.5675,90.938,88.381,89.547,90.082,89.724
1.5700,89.959,88.419,88.063,88.034,89.605
1.5725,86.323,87.232,88.449,86.027,87.785
1.5750,88.787,88.099,93.561,88.979,87.971
1.5775,92.710,116.907,140.103,92.959,91.969
1.5800,244.874,219.323,242.507,255.000,91.108
1.5825,255.000,224.965,207.125,255.000,241.355